id,lat,lon,class_label,reg_value,temperature_air_C,humidity_percent,co_percent,vibrations_g,wind_speed_km_h,timestamp
S1,36.540556,5.0275,No risk,0.2880294919013977,34.64248212643878,74.16127793527397,0.0393604654100662,0.5821676968865583,16.10650433552133,2025-10-01 17:44:05
S2,36.567583,5.0275,Risk,0.536493718624115,39.18820440571233,72.47593257688702,0.0353310825781456,0.7480384439289219,37.154138036316674,2025-10-01 17:44:05
S3,36.518033,5.0275,Risk,0.5998517274856567,36.44953999905526,66.10798658216275,0.0298680695586201,1.1038966453394394,14.321566508259425,2025-10-01 17:44:05
S4,36.540556,5.06116,Risk,0.43614882230758667,37.22750998665339,71.19641373529818,0.0218002061078094,0.257744919047586,13.12704662851455,2025-10-01 17:44:05
S5,36.540556,4.99384,No risk,0.3095606565475464,35.97867428639439,74.84186072865144,0.0240247248213588,0.0439260365872483,19.939126140139752,2025-10-01 17:44:05
S6,36.558574,5.04994,Risk,0.44833874702453613,39.52611325166862,74.2141443742312,0.0398334581569897,0.3317300813614354,24.35535625226994,2025-10-01 17:44:05
S7,36.527042,5.04433,Risk,0.6504347920417786,43.17319197184549,70.1731897818334,0.0319785578215019,1.4260595186875855,14.530113950057435,2025-10-01 17:44:05
S8,36.52434,5.0073,Risk,0.45367631316185,36.31737098958761,70.3981104788088,0.0272824806656279,1.3332395582793666,13.040514205487275,2025-10-01 17:44:05
S1,36.540556,5.0275,No risk,0.31144899129867554,32.93495041784125,74.28383147597332,0.0368483151275197,0.9629616660582768,30.76992162720202,2025-10-01 17:44:38
S2,36.567583,5.0275,No risk,0.3056742250919342,37.592717151532064,76.0,0.033650801684135,1.5926144183901667,6.981615653453492,2025-10-01 17:44:38
S3,36.518033,5.0275,No risk,0.37299835681915283,33.38293786057913,71.80855321102452,0.0444592826318347,0.4551147609078221,21.920602968884467,2025-10-01 17:44:38
S4,36.540556,5.06116,No risk,0.09804105758666992,25.3786428141446,74.89839960967345,0.0288431768608915,1.1021460276107031,3.5059579401503864,2025-10-01 17:44:38
S5,36.540556,4.99384,Risk,0.6315675973892212,41.31999823877725,70.65900752517365,0.0350208343347243,0.2867146311052182,25.87135595343072,2025-10-01 17:44:38
S6,36.558574,5.04994,No risk,0.24857383966445923,34.26777575620444,73.9827700497038,0.0226915622108883,0.0923774678691009,8.11891500197875,2025-10-01 17:44:38
S7,36.527042,5.04433,No risk,0.25335466861724854,31.490061194379507,74.19983483198733,0.0284788583049678,0.0367633763401403,27.77804420001404,2025-10-01 17:44:38
S8,36.52434,5.0073,Risk,0.4234660565853119,36.30746103871262,72.0378709415574,0.0341333603247572,2.9624900531752267,13.993797090572656,2025-10-01 17:44:38
S1,36.540556,5.0275,Risk,0.6150672435760498,46.0,72.03227912497725,0.0300836385348729,1.3508737999495488,6.228332548354877,2025-10-01 17:44:47
S2,36.567583,5.0275,Risk,0.646584689617157,43.42178234017921,70.93258601416979,0.0346475457141028,2.918559786517274,14.25328277729717,2025-10-01 17:44:47
S3,36.518033,5.0275,No risk,0.281779408454895,30.83012068328128,70.96111851948602,0.0299521776374405,0.7860036314727472,6.152820184803592,2025-10-01 17:44:47
S4,36.540556,5.06116,No risk,0.20656496286392212,26.903977027090463,73.8042429469791,0.0377167686512642,0.6479837578445767,31.45194159336279,2025-10-01 17:44:47
S5,36.540556,4.99384,No risk,0.1479247808456421,28.50981163538242,76.0,0.0360521249770262,0.3927254265024444,8.321665035936183,2025-10-01 17:44:47
S6,36.558574,5.04994,Risk,0.6999606490135193,45.56764235288962,69.84592589953556,0.0247900583688427,0.6429130427064311,9.988184690061743,2025-10-01 17:44:47
S7,36.527042,5.04433,No risk,0.07195576280355453,18.0,76.0,0.0205482374032674,0.2760684604910119,21.774926855155336,2025-10-01 17:44:47
S8,36.52434,5.0073,Risk,0.5642768144607544,40.30814419788523,71.78824361181032,0.0371680753646527,1.511556129655669,19.84409572507908,2025-10-01 17:44:47
S1,36.540556,5.0275,No risk,0.07352901250123978,18.0,75.93577649249788,0.0374246732801947,0.9436034395890556,15.186276601638696,2025-10-01 17:45:16
S2,36.567583,5.0275,No risk,0.3249007761478424,31.29970487998602,71.19665349463028,0.024112667971159,0.7428870489244287,21.329263607184444,2025-10-01 17:45:16
S3,36.518033,5.0275,Risk,0.3977813720703125,31.29757738023159,69.8411942486629,0.0440691392540092,0.2355975899190703,25.689024140831968,2025-10-01 17:45:16
S4,36.540556,5.06116,Risk,0.428485631942749,36.02532963289897,71.96236659187102,0.0285618143166933,0.2062826480139988,22.594418190585053,2025-10-01 17:45:16
S5,36.540556,4.99384,No risk,0.21375465393066406,30.834208795418316,74.01942723262447,0.0294014167314462,0.351531192462717,15.514523849863805,2025-10-01 17:45:16
S6,36.558574,5.04994,No risk,0.38949131965637207,35.35262620842655,72.0165426851335,0.0194824068072267,0.4422338655135335,21.52175196615586,2025-10-01 17:45:16
S7,36.527042,5.04433,No risk,0.15614058077335358,22.221544722265484,71.8635157709476,0.0349388136917079,0.9690953179974238,17.932025132117904,2025-10-01 17:45:16
S8,36.52434,5.0073,Risk,0.3595741391181946,36.97491977227472,73.40415888026338,0.039859937281512,4.080712674308118,8.858601644186411,2025-10-01 17:45:16
S1,36.540556,5.0275,Risk,0.37310269474983215,31.47395870629949,70.36388822711446,0.0258832248892022,0.4850945749954222,28.25517103685425,2025-10-01 17:50:26
S2,36.567583,5.0275,Risk,0.4343845546245575,37.94241775919949,72.17942833955387,0.0294144295845769,0.4947265221528267,17.530965309790354,2025-10-01 17:50:26
S3,36.518033,5.0275,Risk,0.5370158553123474,38.67770137815358,69.64972806287331,0.0284457535010248,2.184657314018513,5.176919449203712,2025-10-01 17:50:26
S4,36.540556,5.06116,Risk,0.5159256458282471,39.40956875203397,72.46265059796681,0.0385315667211083,0.8818413950477226,28.223773950751152,2025-10-01 17:50:26
S5,36.540556,4.99384,Risk,0.7543604969978333,44.536955716452,67.69851318649559,0.0246391217513989,1.0451183966946265,12.666951817570103,2025-10-01 17:50:26
S6,36.558574,5.04994,No risk,0.2601161599159241,28.643175541106583,73.27520630940256,0.0315778590778075,2.0172272991886544,33.64440425149196,2025-10-01 17:50:26
S7,36.527042,5.04433,Risk,0.4664515256881714,35.42014427958765,70.58439318535432,0.0373316092797564,0.3204667744689108,21.66628746521688,2025-10-01 17:50:26
S8,36.52434,5.0073,No risk,0.1653091013431549,25.546566283141907,71.46572404106753,0.0262439279006298,0.0055562944701538,7.215182265618201,2025-10-01 17:50:26
S1,36.540556,5.0275,No risk,0.24762403964996338,27.43939135352452,70.35448374450966,0.02307434419436,1.174438417468016,19.795402279661825,2025-10-01 17:51:51
S2,36.567583,5.0275,No risk,0.28997868299484253,31.5979523811915,71.69833463531842,0.0242864180130474,0.4696568591485152,16.29322156231532,2025-10-01 17:51:51
S3,36.518033,5.0275,No risk,0.33802467584609985,33.94930831294751,72.2116482504878,0.0257749946261455,0.0031646939862788,14.289293449281187,2025-10-01 17:51:51
S4,36.540556,5.06116,No risk,0.12424913793802261,18.46358675428238,72.61150720453605,0.0490284494312638,0.9488579323173776,9.65269922140113,2025-10-01 17:51:51
S5,36.540556,4.99384,Risk,0.3305184543132782,36.29035843775541,73.76729453760181,0.0235324624976697,1.002111123934153,17.84120012552316,2025-10-01 17:51:51
S6,36.558574,5.04994,Risk,0.490499347448349,39.30840242029225,71.23403471296936,0.0228733139727949,2.25674536719269,11.122121598939335,2025-10-01 17:51:51
S7,36.527042,5.04433,No risk,0.18530568480491638,31.2061396223934,75.21575952192394,0.0200176929820974,1.0168557502271305,13.20920745965788,2025-10-01 17:51:51
S8,36.52434,5.0073,Risk,0.6545394062995911,44.13451584362985,70.36056557987456,0.0305789538130869,0.3263294441057196,12.105903589473495,2025-10-01 17:51:51
S1,36.540556,5.0275,Risk,0.5644155144691467,37.36941122923362,68.75082933318816,0.0297071967887939,0.2657635434043297,15.734557265995106,2025-10-01 17:55:02
S2,36.567583,5.0275,Risk,0.6454439759254456,45.21316373242886,72.37342521561142,0.0265035518644977,1.0140692728808116,20.287944294378708,2025-10-01 17:55:02
S3,36.518033,5.0275,Risk,0.45963144302368164,36.32254298638249,70.92815140702199,0.0289104607634571,0.4025075184317849,18.53826185182795,2025-10-01 17:55:02
S4,36.540556,5.06116,Risk,0.49480965733528137,40.19962048004548,72.63821966207763,0.0331013294193005,0.3089151546895907,17.22894467164315,2025-10-01 17:55:02
S5,36.540556,4.99384,No risk,0.249020054936409,28.92448921683436,72.9559976514042,0.037781470638734,2.024455154653978,25.28984529109062,2025-10-01 17:55:02
S6,36.558574,5.04994,Risk,0.42948704957962036,36.40706546785171,71.93626198405595,0.0360090482842161,2.620931671151774,14.080952067880938,2025-10-01 17:55:02
S7,36.527042,5.04433,No risk,0.20074959099292755,29.70131831674965,72.52694716920533,0.0249385734280489,0.4704136281434756,1.5587843067438527,2025-10-01 17:55:02
S8,36.52434,5.0073,Risk,0.45537203550338745,38.671879107474986,74.06167507684661,0.033560942833614,0.5883852226723261,31.943202715797053,2025-10-01 17:55:02
S1,36.540556,5.0275,Risk,0.4480851888656616,36.416865573566334,71.92475549584186,0.0266317653786924,1.3137548489980662,27.038052388733696,2025-10-01 17:56:53
S2,36.567583,5.0275,No risk,0.32864779233932495,36.5231304196021,73.51297062208599,0.0263966051082483,0.0402986007844234,14.48791882916325,2025-10-01 17:56:53
S3,36.518033,5.0275,Risk,0.3697021007537842,35.688948713026804,72.5322337526935,0.0371581454776084,1.0270153677706713,8.948251914188186,2025-10-01 17:56:53
S4,36.540556,5.06116,Risk,0.5370158553123474,38.67770137815358,69.64972806287331,0.0284457535010248,2.184657314018513,5.176919449203712,2025-10-01 17:56:53
S5,36.540556,4.99384,No risk,0.26613035798072815,32.5220651247545,73.94703660535652,0.0242914763585957,1.034922407022529,26.841042060639325,2025-10-01 17:56:53
S6,36.558574,5.04994,No risk,0.2774357497692108,35.216211147359424,76.0,0.0294090323966074,2.0784230150147427,18.19058141728253,2025-10-01 17:56:53
S7,36.527042,5.04433,No risk,0.26268887519836426,35.31637100539858,74.92036695038396,0.0252609256082205,1.3743116148484256,5.268115156715067,2025-10-01 17:56:53
S8,36.52434,5.0073,Risk,0.48567789793014526,38.23621426951132,70.6309886769608,0.0243510817337642,0.1612105543693007,10.931100693707725,2025-10-01 17:56:53
S1,36.540556,5.0275,Risk,0.5895824432373047,46.0,73.65120643445765,0.0209816492393031,0.1052808787597116,22.66903069468812,2025-10-01 17:57:25
S2,36.567583,5.0275,Risk,0.40927332639694214,34.109954497553254,70.44404345119271,0.0282416853789945,0.1938154079187258,19.925085048628475,2025-10-01 17:57:25
S3,36.518033,5.0275,No risk,0.2704410254955292,33.21383715098716,73.35827270098262,0.0271415954648116,0.3617691120974452,15.52246663720772,2025-10-01 17:57:25
S4,36.540556,5.06116,Risk,0.3755680322647095,36.93785135806729,72.58027662508579,0.0196929430303557,1.641097427544029,18.005529515158067,2025-10-01 17:57:25
S5,36.540556,4.99384,No risk,0.13926146924495697,24.86671907841437,74.23088887039921,0.0304159359579523,0.2099441605441509,20.35523246705754,2025-10-01 17:57:25
S6,36.558574,5.04994,Risk,0.35736384987831116,30.738016711182578,69.79394075404083,0.0314526989205288,1.040149627229738,18.812219766719917,2025-10-01 17:57:25
S7,36.527042,5.04433,No risk,0.19860121607780457,28.752958318874903,72.98611498871661,0.0321267502196178,4.471887422004632,3.720065879071011,2025-10-01 17:57:25
S8,36.52434,5.0073,Risk,0.3869512379169464,37.63474259303471,75.80453573137704,0.0320956771106137,0.3036151590039354,32.03155081976871,2025-10-01 17:57:25
S1,36.540556,5.0275,No risk,0.3255341351032257,32.5880114845963,72.1196400356297,0.0293618641582426,0.6981975886659151,20.15430065539956,2025-10-02 18:59:15
S2,36.567583,5.0275,No risk,0.31264549493789673,32.313039911945204,73.64013070713982,0.0205788603755951,0.1180418110417807,42.76856829534999,2025-10-02 18:59:15
S3,36.518033,5.0275,Risk,0.8596077561378479,45.62440175800654,66.59632504436294,0.0314158557713205,1.1698153007530758,19.71686806145194,2025-10-02 18:59:15
S4,36.540556,5.06116,No risk,0.15135963261127472,27.71757452487438,76.0,0.0309742440105402,1.1891479227957875,17.263477313617066,2025-10-02 18:59:15
S5,36.540556,4.99384,Risk,0.47888898849487305,37.20877433424205,71.15565510856636,0.0242186226098445,0.2997625757551944,23.328456987024182,2025-10-02 18:59:15
S6,36.558574,5.04994,No risk,0.12071744352579117,18.0,70.99879222272037,0.0278566952150401,0.3151001466647619,10.23178162913316,2025-10-02 18:59:15
S7,36.527042,5.04433,No risk,0.300224244594574,28.74797657884417,71.94122565135561,0.0404053167201755,1.0803652282967198,30.50129988304937,2025-10-02 18:59:15
S8,36.52434,5.0073,No risk,0.35724085569381714,38.13618281822778,74.2282816220077,0.0221696663122511,1.3374125323525743,14.855881377151048,2025-10-02 18:59:15
S1,36.540556,5.0275,Risk,0.3693978190422058,37.1222764827666,73.97670000660936,0.050254572870043,0.4278359249955598,12.592176366038911,2025-10-02 19:04:00
S2,36.567583,5.0275,Risk,0.30240631103515625,35.59843501556907,74.8392302676267,0.0335863451828835,0.3190744009833038,15.798537602935257,2025-10-02 19:04:00
S3,36.518033,5.0275,No risk,0.09625386446714401,18.315572927768464,76.0,0.0306679692801887,0.4134607347617529,30.29390200813622,2025-10-02 19:04:00
S4,36.540556,5.06116,No risk,0.0642094612121582,21.53933803778621,75.56597021650288,0.0250120659679266,0.5417748175115077,4.1277329884366125,2025-10-02 19:04:00
S5,36.540556,4.99384,No risk,0.18060800433158875,31.08994026144028,74.52777323023163,0.0249246900325537,0.8427487277412098,3.37223803104446,2025-10-02 19:04:00
S6,36.558574,5.04994,Risk,0.52321457862854,39.532294765446565,70.60744095334104,0.0293739353072731,0.5434597094433145,10.776500389448238,2025-10-02 19:04:00
S7,36.527042,5.04433,Risk,0.45901843905448914,35.8747445152002,71.16812517720963,0.028170505666251,0.9727198240605672,23.094391117793347,2025-10-02 19:04:00
S8,36.52434,5.0073,No risk,0.2235814929008484,28.790222270375057,73.67333039696977,0.0404147409284139,0.0084987355629595,23.1772679593014,2025-10-02 19:04:00
S1,36.540556,5.0275,No risk,0.1756127029657364,22.82117905703001,69.44256630291049,0.013690296678043,0.2584799417508415,12.030712150920886,2025-10-02 19:20:03
S2,36.567583,5.0275,Risk,0.6141986846923828,45.94122182050838,73.86001015525225,0.024301573252384,0.7286232888588741,31.4038836828685,2025-10-02 19:20:03
S3,36.518033,5.0275,No risk,0.3229004442691803,34.83631776421266,74.15505189244497,0.0302361345927557,1.221331525900063,26.01620840254813,2025-10-02 19:20:03
S4,36.540556,5.06116,No risk,0.11217600852251053,24.05442894390716,73.2494336497075,0.0253407560870353,0.119107897640049,7.618045065873041,2025-10-02 19:20:03
S5,36.540556,4.99384,No risk,0.08024619519710541,22.888392575667627,75.89752378826513,0.0314141595253633,0.7023707929227606,10.169231499351644,2025-10-02 19:20:03
S6,36.558574,5.04994,Risk,0.7569372653961182,45.96546283913949,69.2327314424145,0.036822131262287,0.4530289330819108,13.472345501791947,2025-10-02 19:20:03
S7,36.527042,5.04433,No risk,0.26167595386505127,33.366747800733265,73.74220050338688,0.0295586593986303,0.5886379833197659,16.075073383623117,2025-10-02 19:20:03
S8,36.52434,5.0073,No risk,0.2619688808917999,29.21321134591703,71.16315079489152,0.0281999555701262,2.9181192430313585,11.314164607359755,2025-10-02 19:20:03
S1,36.540556,5.0275,Risk,0.40712010860443115,39.1843357649874,74.00075812312909,0.0330156631285205,1.2492906212354002,18.805650723519424,2025-10-02 19:25:06
S2,36.567583,5.0275,Risk,0.7144648432731628,44.30755841565326,69.23642843180603,0.0341624404783317,0.979680366841828,15.85376644176698,2025-10-02 19:25:06
S3,36.518033,5.0275,No risk,0.13010936975479126,18.0,71.14866298233181,0.0345431661728196,0.1315533579321935,8.737737347213457,2025-10-02 19:25:06
S4,36.540556,5.06116,Risk,0.5863347053527832,46.0,73.426715286642,0.0296279349434012,2.197287124651364,11.62414771684465,2025-10-02 19:25:06
S5,36.540556,4.99384,No risk,0.3227115571498871,30.883217749822887,70.09767006248856,0.044192654130091,0.3835969589685344,8.496966548909173,2025-10-02 19:25:06
S6,36.558574,5.04994,Risk,0.5839231610298157,37.476671786776365,68.0605243526077,0.0322913744518036,0.8301326309468131,10.76786053992848,2025-10-02 19:25:06
S7,36.527042,5.04433,Risk,0.401701420545578,33.22681085682671,69.71183798959463,0.0300061170292462,1.4478213592084126,8.580845606831772,2025-10-02 19:25:06
S8,36.52434,5.0073,Risk,0.34971556067466736,32.96680011070925,71.93323391945484,0.025304852400065,0.3434402421597118,25.171889229943424,2025-10-02 19:25:06
S1,36.540556,5.0275,No risk,0.24876900017261505,33.11307983950846,73.52591993290136,0.0276390494951129,1.0079432151774494,9.655456621843715,2025-10-02 19:32:50
S2,36.567583,5.0275,Risk,0.4470301866531372,40.42994119721255,74.20963366382676,0.0360604481932832,1.4157717455557144,18.97694689702584,2025-10-02 19:32:50
S3,36.518033,5.0275,Risk,0.32004740834236145,32.65402393747756,71.78817011349217,0.0258954197343811,0.486979539752608,15.334867675526995,2025-10-02 19:32:50
S4,36.540556,5.06116,Risk,0.45095449686050415,38.36997903848654,72.61349656832569,0.0335566568801797,0.3211923461423643,16.794459378225042,2025-10-02 19:32:50
S5,36.540556,4.99384,Risk,0.4630654454231262,37.52798118726611,70.03540609510554,0.0280300009581045,1.3673417500636578,3.787095287404582,2025-10-02 19:32:50
S6,36.558574,5.04994,Risk,0.4078690707683563,40.38648972700855,74.45734103984209,0.0294049103512999,0.8292650962333722,14.642589375010472,2025-10-02 19:32:50
S7,36.527042,5.04433,Risk,0.6919093728065491,42.35209486885418,68.89024958037525,0.0343217004133063,1.555982716297347,18.01160447567684,2025-10-02 19:32:50
S8,36.52434,5.0073,Risk,0.5226486325263977,36.68821225695422,69.84298806924666,0.0279738155879225,0.1733564495175603,23.92000025700704,2025-10-02 19:32:50
S1,36.540556,5.0275,Risk,0.5664751529693604,41.43837733558802,73.27243105145587,0.0263599649755377,0.5852658601518769,43.55576214202807,2025-10-02 19:32:58
S2,36.567583,5.0275,No risk,0.3443388044834137,33.63255045905444,71.55714481929037,0.0427709608392131,0.4721816381069475,6.60447796191447,2025-10-02 19:32:58
S3,36.518033,5.0275,Risk,0.6315675973892212,41.31999823877725,70.65900752517365,0.0350208343347243,0.2867146311052182,25.87135595343072,2025-10-02 19:32:58
S4,36.540556,5.06116,Risk,0.45677584409713745,38.61975168328117,71.37522210819476,0.0283118911702261,1.0680375462303644,5.827807581115504,2025-10-02 19:32:58
S5,36.540556,4.99384,Risk,0.572414219379425,34.63394617633337,66.05188597985027,0.0246411055211492,1.2658068656224288,26.64370508668152,2025-10-02 19:32:58
S6,36.558574,5.04994,No risk,0.12126651406288147,26.396357284122416,74.96326683304626,0.0267084042731794,0.2164010166136077,8.007632458470935,2025-10-02 19:32:58
S7,36.527042,5.04433,No risk,0.21253348886966705,30.563866235161854,74.42878164138355,0.0363020997852176,1.4035269581972016,10.95111270123005,2025-10-02 19:32:58
S8,36.52434,5.0073,No risk,0.08300279825925827,23.73495762283133,76.0,0.0182113660201001,3.596701784608733,9.89947644797607,2025-10-02 19:32:58
S1,36.540556,5.0275,No risk,0.3378281891345978,37.50181176834325,74.65501306283622,0.0153659975170111,0.0684147231486182,19.582452961669848,2025-10-04 13:02:17
S2,36.567583,5.0275,Risk,0.6690235137939453,40.15446322346543,68.2799920255607,0.044606705240961,0.2113603710565025,9.747088744623252,2025-10-04 13:02:17
S3,36.518033,5.0275,No risk,0.34075430035591125,33.48507713483058,72.84817351406404,0.0384342336624684,0.2509640513181002,23.66864289376569,2025-10-04 13:02:17
S4,36.540556,5.06116,Risk,0.6274590492248535,37.06117127591982,69.14472028841739,0.0331645156053427,1.4511518387139883,36.91848287875308,2025-10-04 13:02:17
S5,36.540556,4.99384,No risk,0.3343675136566162,37.599980125184,73.61530407224393,0.0257304173546327,0.970163494139768,7.320520152003544,2025-10-04 13:02:17
S6,36.558574,5.04994,No risk,0.22995059192180634,25.4966222623661,70.92097137433002,0.0418755264016041,0.9486803940129503,20.92322830989869,2025-10-04 13:02:17
S7,36.527042,5.04433,No risk,0.32981422543525696,29.14692500967329,69.67632333016317,0.0209194286952653,1.5872293700136952,20.636750437428923,2025-10-04 13:02:17
S8,36.52434,5.0073,No risk,0.3529967665672302,32.146358419177034,71.1027345917548,0.0265438782715142,0.0759001899867392,24.0736090286176,2025-10-04 13:02:17
S1,36.540556,5.0275,Risk,0.46989187598228455,41.01506692293989,72.88276640741294,0.0289841330964929,3.0599443640179604,9.200015277668353,2025-10-04 13:05:34
S2,36.567583,5.0275,No risk,0.1279711127281189,27.14524409035376,74.83825278342256,0.0340338412437985,5.483442590633007,3.383603630237541,2025-10-04 13:05:34
S3,36.518033,5.0275,No risk,0.14377270638942719,27.48703479159488,73.82066953703375,0.021078478239737,0.3850482050156602,8.688838315243467,2025-10-04 13:05:34
S4,36.540556,5.06116,Risk,0.2648571729660034,34.70000670208831,75.71414846064185,0.0263265947421892,2.484124258678271,19.02925336348465,2025-10-04 13:05:34
S5,36.540556,4.99384,No risk,0.24837839603424072,32.042566851953666,75.65824167099719,0.0221847018853395,0.6475640422118382,34.43140027803675,2025-10-04 13:05:34
S6,36.558574,5.04994,No risk,0.2774357497692108,35.216211147359424,76.0,0.0294090323966074,2.0784230150147427,18.19058141728253,2025-10-04 13:05:34
S7,36.527042,5.04433,No risk,0.10062956809997559,20.50041519489073,72.92623343349953,0.0314697443265809,0.6584594349748873,7.911573366712751,2025-10-04 13:05:34
S8,36.52434,5.0073,Risk,0.26147347688674927,33.835167346891964,75.1518086488006,0.0373947674059503,0.1957007907554777,18.143219362556454,2025-10-04 13:05:34
S1,36.540556,5.0275,Risk,0.4495662450790405,36.870720593380895,71.49493357702382,0.0306374236833298,0.7284147166611572,19.92174612892109,2025-10-04 13:07:20
S2,36.567583,5.0275,Risk,0.4696698784828186,35.01198252749767,69.68422343132093,0.0197401409010692,0.397511611751172,19.75276992881612,2025-10-04 13:07:20
S3,36.518033,5.0275,Risk,0.5451533198356628,38.71474798674884,71.11740393671515,0.0340066480702277,0.1960148232705973,22.687410813800167,2025-10-04 13:07:20
S4,36.540556,5.06116,Risk,0.5857318043708801,36.406853423498696,67.0493695194503,0.0290295726941655,1.0473426445911609,11.471250545200844,2025-10-04 13:07:20
S5,36.540556,4.99384,No risk,0.0989622175693512,24.97346008577956,76.0,0.0336027583231547,0.7313851528405644,10.251818119348624,2025-10-04 13:07:20
S6,36.558574,5.04994,No risk,0.32154539227485657,30.965673479829405,71.29532289348543,0.0293115264092151,1.9963699258284235,22.3179109815704,2025-10-04 13:07:20
S7,36.527042,5.04433,Risk,0.37747159600257874,37.676520753154286,73.21348598813124,0.0308397663336652,1.873934176597207,8.945040329415,2025-10-04 13:07:20
S8,36.52434,5.0073,No risk,0.18955980241298676,32.049182025858926,75.67339374462765,0.0252179518680668,0.1233333867941455,15.305330293005326,2025-10-04 13:07:20
S1,36.540556,5.0275,Risk,0.3698282241821289,35.47602962252533,74.87741513984642,0.0279005846053212,4.460509704536592,31.78343546600844,2025-10-04 13:07:20
S2,36.567583,5.0275,Risk,0.6067432761192322,38.063937788298986,69.4295842505697,0.0285939501617016,0.7145763040176178,29.84504590218841,2025-10-04 13:07:20
S3,36.518033,5.0275,Risk,0.5423024892807007,44.1047323455098,74.10866648006741,0.0306353649272881,0.3736538622778188,27.8677180092085,2025-10-04 13:07:20
S4,36.540556,5.06116,Risk,0.36249619722366333,31.03641285185653,71.58868229865101,0.0283602716303757,0.475297033866299,43.0540776749875,2025-10-04 13:07:20
S5,36.540556,4.99384,No risk,0.11381616443395615,25.48350125633704,75.93118547401181,0.0304133659303527,0.593489976556562,15.010058658300707,2025-10-04 13:07:20
S6,36.558574,5.04994,Risk,0.4961090087890625,40.7710451563616,72.63218420104916,0.02407179006124,0.354742827275706,20.23782958497724,2025-10-04 13:07:20
S7,36.527042,5.04433,No risk,0.30149367451667786,30.27543383063624,71.00208006564576,0.0324819643127372,0.6322249780887619,14.590952669362622,2025-10-04 13:07:20
S8,36.52434,5.0073,No risk,0.0904202088713646,18.8813481274966,72.66495104468734,0.0284892488168884,0.6298098671777372,4.212757178091876,2025-10-04 13:07:20
S1,36.540556,5.0275,Risk,0.5516339540481567,37.8608379500942,71.7576612122268,0.0356613007014919,3.8333318043199935,34.11628850154915,2025-10-04 13:26:13
S2,36.567583,5.0275,No risk,0.07354830950498581,20.64097303257137,74.54892082021289,0.0246749088706652,0.4401402702575807,13.101273658634032,2025-10-04 13:26:13
S3,36.518033,5.0275,Risk,0.36940011382102966,36.49012612745273,72.81359308275128,0.0351510795386675,0.7749386525894258,8.182147215301452,2025-10-04 13:26:13
S4,36.540556,5.06116,Risk,0.4610443115234375,39.653662441318055,71.83900886388405,0.0206374124485558,0.8268012716979173,7.756964542805306,2025-10-04 13:26:13
S5,36.540556,4.99384,No risk,0.22290730476379395,27.939150189207822,72.53108113175797,0.0398247154575823,0.117482551171714,22.13238851588322,2025-10-04 13:26:13
S6,36.558574,5.04994,No risk,0.2195180058479309,29.08241770783157,72.26872873658182,0.0233370432221122,1.176225555811789,6.562846804577351,2025-10-04 13:26:13
S7,36.527042,5.04433,No risk,0.14311932027339935,28.72579926830529,76.0,0.0256526765362693,1.5998570251601771,4.409986498706645,2025-10-04 13:26:13
S8,36.52434,5.0073,Risk,0.3203687071800232,32.136918973232305,73.10086650387026,0.0178486973809045,0.7128901201955951,36.24626316878687,2025-10-04 13:26:13
S1,36.540556,5.0275,Risk,0.34155362844467163,32.15577268060103,70.63683392072217,0.0321824363551253,0.3467309838730612,14.710175162518135,2025-10-04 13:26:13
S2,36.567583,5.0275,No risk,0.17854180932044983,27.96926660013515,75.74241627380961,0.0228642962370299,2.801038021990121,28.674490261016537,2025-10-04 13:26:13
S3,36.518033,5.0275,No risk,0.3595161437988281,30.35246244159941,68.18735946631736,0.0235401885662365,0.0502125932576526,7.530970352903946,2025-10-04 13:26:13
S4,36.540556,5.06116,Risk,0.3033027648925781,36.62070435207832,74.01120973531641,0.0350175964981303,0.4092805015625484,2.903121683779119,2025-10-04 13:26:13
S5,36.540556,4.99384,Risk,0.33371466398239136,29.384237131709124,71.93442558870589,0.0440174093522403,0.0973534931443196,37.79532390631614,2025-10-04 13:26:13
S6,36.558574,5.04994,No risk,0.29828742146492004,31.350269305229418,72.706081032659,0.0192112945813449,0.8192931409758544,30.1691579753302,2025-10-04 13:26:13
S7,36.527042,5.04433,No risk,0.0841786190867424,20.73028974582008,74.47273856374773,0.029322732418953,0.2326545483434507,17.885926595289185,2025-10-04 13:26:13
S8,36.52434,5.0073,No risk,0.0724530965089798,21.355419816294177,75.7703348119458,0.0210334722501154,1.3836430270926183,18.911734743470657,2025-10-04 13:26:13
S1,36.540556,5.0275,No risk,0.3552577793598175,34.11576322350304,72.04844860596361,0.0207979671025679,0.4829631012367528,22.241393662347136,2025-10-04 13:32:20
S2,36.567583,5.0275,No risk,0.08691628277301788,22.783490245731656,74.29428661551272,0.0348896333317307,1.6922576754109198,1.5452932668645711,2025-10-04 13:32:20
S3,36.518033,5.0275,Risk,0.6903669834136963,41.57295160048719,69.44874672712854,0.0383679529709047,1.1449847448029304,26.47825808782169,2025-10-04 13:32:20
S4,36.540556,5.06116,Risk,0.3489568829536438,32.23738117760233,69.80901796426988,0.0240095381419589,1.2005975382902656,8.242801666476641,2025-10-04 13:32:20
S5,36.540556,4.99384,Risk,0.6278280019760132,40.41902123441048,69.57985296623137,0.0292351356664478,2.2869687601834823,12.802893103556002,2025-10-04 13:32:20
S6,36.558574,5.04994,No risk,0.07352901250123978,18.0,75.93577649249788,0.0374246732801947,0.9436034395890556,15.186276601638696,2025-10-04 13:32:20
S7,36.527042,5.04433,No risk,0.15135963261127472,27.71757452487438,76.0,0.0309742440105402,1.1891479227957875,17.263477313617066,2025-10-04 13:32:20
S8,36.52434,5.0073,No risk,0.11414994299411774,27.23573874980688,75.22676894436033,0.0224901008115876,0.6947126479449818,3.256736063767527,2025-10-04 13:32:20
S1,36.540556,5.0275,No risk,0.32326218485832214,30.32459452776189,71.29501615415732,0.026304666973334,0.5031036024854082,27.528799347307626,2025-10-18 08:40:09
S2,36.567583,5.0275,No risk,0.27075910568237305,28.84095982090331,70.38924819075251,0.0169194091345717,0.0910615897176186,17.638777460702944,2025-10-18 08:40:09
S3,36.518033,5.0275,Risk,0.47749045491218567,38.46869127291403,71.7961478084127,0.0399290107277026,0.0377238541446648,10.3267386053099,2025-10-18 08:40:09
S4,36.540556,5.06116,No risk,0.18182334303855896,28.57993366634384,73.83801680968291,0.0308544032546104,0.1047109720895017,11.600540292467256,2025-10-18 08:40:09
S5,36.540556,4.99384,No risk,0.2703206539154053,31.01302481556248,76.0,0.0265543177137093,1.3658954038151376,48.22080967702878,2025-10-18 08:40:09
S6,36.558574,5.04994,Risk,0.44503217935562134,36.49473903161949,72.36345614431428,0.0298215573614114,0.5112268462607165,28.51718217611694,2025-10-18 08:40:09
S7,36.527042,5.04433,No risk,0.34020504355430603,30.4856724337642,70.16893877408728,0.0266097763669316,0.0079417791366761,25.24163049973877,2025-10-18 08:40:09
S8,36.52434,5.0073,No risk,0.38689306378364563,36.50419989006846,76.0,0.0644491951461838,3.766368435742506,30.07847659975688,2025-10-18 08:40:09
S1,36.540556,5.0275,Risk,0.6686776280403137,44.46499899147372,70.13213290764301,0.0249293966123307,1.832496197979793,12.692459646099366,2025-10-18 08:41:30
S2,36.567583,5.0275,Risk,0.6349842548370361,43.201768940416,71.92875212595057,0.0318173392887124,1.3632885705346451,30.13703810522097,2025-10-18 08:41:30
S3,36.518033,5.0275,Risk,0.3267882466316223,28.47870044165108,70.31976865391131,0.0319333107404824,2.391441480681949,36.82107897503299,2025-10-18 08:41:30
S4,36.540556,5.06116,Risk,0.4872756898403168,37.341447986029706,70.25659762166144,0.0338109022552604,1.5493244280451026,12.04280423824353,2025-10-18 08:41:30
S5,36.540556,4.99384,Risk,0.4495658874511719,38.66123246018955,71.15327695274716,0.0269659958360212,1.167168781526082,3.414565255433639,2025-10-18 08:41:30
S6,36.558574,5.04994,Risk,0.708707869052887,45.96929978902638,70.81495876400491,0.0296831600933401,0.2957747354389405,18.022184545150274,2025-10-18 08:41:30
S7,36.527042,5.04433,Risk,0.4194338321685791,37.6106525661367,73.3583562806439,0.0384418488144196,0.6021217054660728,21.9113268695839,2025-10-18 08:41:30
S8,36.52434,5.0073,No risk,0.205624058842659,24.9170850624486,69.8560384599749,0.0260264622959568,1.71630282870114,14.619029902469403,2025-10-18 08:41:30
S1,36.540556,5.0275,No risk,0.07311243563890457,18.0,76.0,0.0197340673289772,1.096156583629019,21.71953164303009,2025-10-18 08:43:43
S2,36.567583,5.0275,No risk,0.22248049080371857,28.970572622289254,72.68160345182416,0.0309231685394982,3.224261342414665,13.18366798258582,2025-10-18 08:43:43
S3,36.518033,5.0275,Risk,0.5789854526519775,44.77548267216979,72.28074140710012,0.0414208648459431,0.7865730497335663,4.965226108728952,2025-10-18 08:43:43
S4,36.540556,5.06116,Risk,0.4918414354324341,44.72048462630474,73.63931130008339,0.0284876799271028,0.9452592726950496,8.008307354897784,2025-10-18 08:43:43
S5,36.540556,4.99384,Risk,0.7473846673965454,45.1693017093606,67.9869282291368,0.0263688407117082,0.3462607191733349,8.370111405496822,2025-10-18 08:43:43
S6,36.558574,5.04994,Risk,0.46180424094200134,39.02176361856736,71.93478608759499,0.0265053638619569,0.1337196408328367,13.383032590025948,2025-10-18 08:43:43
S7,36.527042,5.04433,No risk,0.1854536533355713,27.577943216691853,72.82531816347242,0.030690520763892,0.7710522974860136,11.495983826763416,2025-10-18 08:43:43
S8,36.52434,5.0073,Risk,0.7453075051307678,43.11716438698745,68.82751270764358,0.0268574960223291,0.592571141512661,32.666186554049546,2025-10-18 08:43:43
S1,36.540556,5.0275,Risk,0.48509201407432556,39.34347472288505,71.68846405674884,0.0282428182478385,0.4954026908818988,12.94198262792458,2025-10-18 08:48:44
S2,36.567583,5.0275,Risk,0.38613560795783997,39.82598079596287,75.55349845905906,0.0380946896920343,1.3206542493849815,18.42753072540887,2025-10-18 08:48:44
S3,36.518033,5.0275,Risk,0.3992663025856018,31.7951604623062,69.8841764712275,0.0297783656808906,1.4627675748991669,27.70523412985296,2025-10-18 08:48:44
S4,36.540556,5.06116,No risk,0.3449706435203552,34.42913052581425,72.67955753564078,0.0471908152732091,0.1271044287116179,15.13046544143016,2025-10-18 08:48:44
S5,36.540556,4.99384,Risk,0.5929033756256104,40.28163726923835,71.15841252375921,0.0287355169058997,1.0770038359480725,27.239078911130317,2025-10-18 08:48:44
S6,36.558574,5.04994,No risk,0.1821931004524231,29.530170066702745,75.75031279763974,0.0390219759810291,0.2965212523368896,19.73042825415812,2025-10-18 08:48:44
S7,36.527042,5.04433,No risk,0.21855992078781128,32.600546436971456,75.24252076795966,0.0427015884867962,0.5415192488281131,9.30773605848584,2025-10-18 08:48:44
S8,36.52434,5.0073,Risk,0.5757134556770325,42.463165150742704,71.69339307911886,0.0422049765274292,0.7618525622176184,9.629477127658877,2025-10-18 08:48:44
S1,36.540556,5.0275,No risk,0.3487243354320526,31.648328193861985,70.73337898463677,0.0311413345391627,0.6280908535378825,23.783389968694205,2025-10-18 08:53:44
S2,36.567583,5.0275,Risk,0.611079752445221,38.37168348653668,68.26040887998872,0.0249323680995773,0.2135339313919258,15.238157232450387,2025-10-18 08:53:44
S3,36.518033,5.0275,Risk,0.4124956727027893,32.033245056750786,68.5777353010062,0.0334667290696178,0.7355788543283994,16.957770459438784,2025-10-18 08:53:44
S4,36.540556,5.06116,No risk,0.33225029706954956,36.66660433450955,74.06992716817689,0.0321280452439459,1.937933678698905,12.220091879699837,2025-10-18 08:53:44
S5,36.540556,4.99384,No risk,0.1356077492237091,25.152708526635063,72.46063282160583,0.0192854236170383,0.1669398674017947,12.294810216919217,2025-10-18 08:53:44
S6,36.558574,5.04994,Risk,0.34038615226745605,29.932303515519635,71.08981046575114,0.032635842281122,0.7502130816256681,32.25534152061162,2025-10-18 08:53:44
S7,36.527042,5.04433,No risk,0.32981422543525696,29.14692500967329,69.67632333016317,0.0209194286952653,1.5872293700136952,20.636750437428923,2025-10-18 08:53:44
S8,36.52434,5.0073,No risk,0.3018794655799866,34.31267549366653,72.93894185425883,0.0238554548352691,0.1199556112420376,10.904468334336268,2025-10-18 08:53:44
S1,36.540556,5.0275,No risk,0.3519594073295593,33.027138376557566,71.0592295868132,0.0322555549969552,0.56675503340095,11.062049456496403,2025-10-18 08:53:44
S2,36.567583,5.0275,No risk,0.058894310146570206,19.73163042197108,75.82005564455025,0.0315593106048701,0.3415567130748626,0.6969335419936236,2025-10-18 08:53:44
S3,36.518033,5.0275,No risk,0.3038308620452881,34.449522971281944,73.62979048432513,0.0474159994135223,1.2637688274076868,13.614284323140089,2025-10-18 08:53:44
S4,36.540556,5.06116,No risk,0.32236284017562866,31.12331581043273,73.56440089842924,0.0432788052282891,1.2306540326089996,43.49047104629412,2025-10-18 08:53:44
S5,36.540556,4.99384,No risk,0.09510473161935806,23.9844961436514,74.66598823207681,0.0267620380700265,1.025608614314651,12.829769727925322,2025-10-18 08:53:44
S6,36.558574,5.04994,Risk,0.5473543405532837,39.577699914624176,70.94743679066676,0.0302297166063752,0.6197729205376644,19.654013526065725,2025-10-18 08:53:44
S7,36.527042,5.04433,No risk,0.17384152114391327,26.817120684918027,73.48431373231206,0.0349019130670385,0.4775415356383053,15.080535223290392,2025-10-18 08:53:44
S8,36.52434,5.0073,Risk,0.5611020922660828,46.0,73.40882848254235,0.0273174031751005,0.3039930727506294,1.579543805672434,2025-10-18 08:53:44
S1,36.540556,5.0275,No risk,0.30619877576828003,30.28377522657732,70.80899684473441,0.0344588790226919,2.101509461139011,11.27784634570884,2025-10-18 09:03:45
S2,36.567583,5.0275,No risk,0.21982906758785248,30.47299367956031,75.05220903568353,0.0294652234180945,0.1848266252211974,27.889880034975555,2025-10-18 09:03:45
S3,36.518033,5.0275,No risk,0.29828742146492004,31.350269305229418,72.706081032659,0.0192112945813449,0.8192931409758544,30.1691579753302,2025-10-18 09:03:45
S4,36.540556,5.06116,Risk,0.43865931034088135,37.42263844347679,72.45903471794404,0.026347867981668,0.2948133257389753,29.02978022960713,2025-10-18 09:03:45
S5,36.540556,4.99384,Risk,0.35894888639450073,36.82184735322031,73.23332902223584,0.0316283955447456,1.4328567679535409,9.814002511166136,2025-10-18 09:03:45
S6,36.558574,5.04994,No risk,0.3141850233078003,35.50896582235768,76.0,0.030489110858215,0.8441440590960657,26.05811448045609,2025-10-18 09:03:45
S7,36.527042,5.04433,No risk,0.18627627193927765,29.028508278838064,73.88548358503063,0.033672639118981,0.801779051462935,8.490847947995553,2025-10-18 09:03:45
S8,36.52434,5.0073,Risk,0.31517279148101807,33.206161377296766,72.5036271357423,0.0254739105792731,1.0048905096152445,20.38291188710873,2025-10-18 09:03:45
S1,36.540556,5.0275,Risk,0.35201480984687805,36.4994775099297,76.0,0.0229944342132472,0.5832424252371046,30.58693502890824,2025-10-18 09:03:45
S2,36.567583,5.0275,No risk,0.34025949239730835,34.79470954230814,73.39786080310763,0.0247898535956244,1.1298264184546982,25.600509037511976,2025-10-18 09:03:45
S3,36.518033,5.0275,No risk,0.22480887174606323,30.755430579819137,74.61779550675523,0.0256916966658604,1.2662898700178855,24.0623837488047,2025-10-18 09:03:45
S4,36.540556,5.06116,Risk,0.4961589276790619,43.22383554107553,74.80288814440175,0.0282213784302252,1.2174951468614263,25.755924365918087,2025-10-18 09:03:45
S5,36.540556,4.99384,Risk,0.5066112279891968,41.01209747270135,71.9869007553756,0.0243858364019311,0.2694357830398154,16.175460800562313,2025-10-18 09:03:45
S6,36.558574,5.04994,Risk,0.3760768175125122,33.03891717681508,70.34837110055311,0.0301986955370264,1.5571452963490382,15.539810334906166,2025-10-18 09:03:45
S7,36.527042,5.04433,No risk,0.1548176407814026,27.71641124800645,76.0,0.033088317289727,1.4424695174558986,19.761939597114285,2025-10-18 09:03:45
S8,36.52434,5.0073,No risk,0.3524410128593445,37.10771344906873,73.18518472766714,0.0218774246119568,0.3497682562054615,17.101469241290097,2025-10-18 09:03:45
